<?xml version="1.0" encoding="UTF-8"?>
<rss version="2.0" xmlns:ror="http://rorweb.com/0.1/" >
<channel>
  <title>ROR Sitemap for http://zhangzk.net/</title>
  <link>http://zhangzk.net/</link>

<item>
     <link>https://zhangzk.net/</link>
     <title>Personal website of ZHANG Zaikun</title>
     <description>Personal website of ZHANG Zaikun. 张在坤个人主页.
See http://www.zhangzk.net, http://www.zzk.me</description>
     <ror:updatePeriod></ror:updatePeriod>
     <ror:sortOrder>0</ror:sortOrder>
     <ror:resourceOf>sitemap</ror:resourceOf>
</item>
<item>
     <link>https://zhangzk.net/powell.html</link>
     <title>A Memorial Page Dedicated to Professor Powell</title>
     <description>A memorial page dedicated to Professor
M. J. D. Powell, by Zaikun Zhang.
See also http://www.zhangzk.net, http://www.zzk.me</description>
     <ror:updatePeriod></ror:updatePeriod>
     <ror:sortOrder>1</ror:sortOrder>
     <ror:resourceOf>sitemap</ror:resourceOf>
</item>
<item>
     <link>https://zhangzk.net/software.html</link>
     <title>Software</title>
     <description>A collection of software on optimization
and numerical linear algebra. Collected by Zaikun Zhang.
See also http://www.zhangzk.net, http://www.zzk.me</description>
     <ror:updatePeriod></ror:updatePeriod>
     <ror:sortOrder>1</ror:sortOrder>
     <ror:resourceOf>sitemap</ror:resourceOf>
</item>
<item>
     <link>https://zhangzk.net/docs/publications/2019l-ds-random.pdf</link>
     <title></title>
     
     <ror:updatePeriod></ror:updatePeriod>
     <ror:sortOrder>1</ror:sortOrder>
     <ror:resourceOf>sitemap</ror:resourceOf>
</item>
<item>
     <link>https://zhangzk.net/docs/publications/2017wcctr-random.pdf</link>
     <title></title>
     
     <ror:updatePeriod></ror:updatePeriod>
     <ror:sortOrder>1</ror:sortOrder>
     <ror:resourceOf>sitemap</ror:resourceOf>
</item>
<item>
     <link>https://zhangzk.net/docs/publications/2016oods.pdf</link>
     <title></title>
     
     <ror:updatePeriod></ror:updatePeriod>
     <ror:sortOrder>1</ror:sortOrder>
     <ror:resourceOf>sitemap</ror:resourceOf>
</item>
<item>
     <link>https://zhangzk.net/docs/publications/2015dspd.pdf</link>
     <title></title>
     
     <ror:updatePeriod></ror:updatePeriod>
     <ror:sortOrder>1</ror:sortOrder>
     <ror:resourceOf>sitemap</ror:resourceOf>
</item>
<item>
     <link>https://zhangzk.net/docs/publications/thesis.pdf</link>
     <title></title>
     
     <ror:updatePeriod></ror:updatePeriod>
     <ror:sortOrder>1</ror:sortOrder>
     <ror:resourceOf>sitemap</ror:resourceOf>
</item>
<item>
     <link>https://zhangzk.net/docs/publications/2014snq.pdf</link>
     <title></title>
     
     <ror:updatePeriod></ror:updatePeriod>
     <ror:sortOrder>1</ror:sortOrder>
     <ror:resourceOf>sitemap</ror:resourceOf>
</item>
<item>
     <link>https://zhangzk.net/docs/publications/thesis-abs.pdf</link>
     <title></title>
     
     <ror:updatePeriod></ror:updatePeriod>
     <ror:sortOrder>1</ror:sortOrder>
     <ror:resourceOf>sitemap</ror:resourceOf>
</item>
<item>
     <link>https://zhangzk.net/docs/conferences/201608-icnaao.pdf</link>
     <title></title>
     
     <ror:updatePeriod></ror:updatePeriod>
     <ror:sortOrder>2</ror:sortOrder>
     <ror:resourceOf>sitemap</ror:resourceOf>
</item>
<item>
     <link>https://zhangzk.net/software/dogleg/dogleg.pdf</link>
     <title></title>
     
     <ror:updatePeriod></ror:updatePeriod>
     <ror:sortOrder>2</ror:sortOrder>
     <ror:resourceOf>sitemap</ror:resourceOf>
</item>
<item>
     <link>https://zhangzk.net/index.html</link>
     <title>Personal website of ZHANG Zaikun</title>
     <description>Personal website of ZHANG Zaikun. 张在坤个人主页.
See http://www.zhangzk.net, http://www.zzk.me</description>
     <ror:updatePeriod></ror:updatePeriod>
     <ror:sortOrder>2</ror:sortOrder>
     <ror:resourceOf>sitemap</ror:resourceOf>
</item>
<item>
     <link>https://zhangzk.net/docs/no_ms_email.txt</link>
     <title></title>
     
     <ror:updatePeriod></ror:updatePeriod>
     <ror:sortOrder>2</ror:sortOrder>
     <ror:resourceOf>sitemap</ror:resourceOf>
</item>
</channel>
</rss>
  